model,bin,rows,mean_predicted_probability,observed_prevalence,positives
logistic_regression,0,123588,0.00044287694529061096,0.0016749198951354501,207
logistic_regression,1,123587,0.0005475368574914142,0.0006796831381941466,84
logistic_regression,2,123588,0.000615379977501746,0.0005178496294138589,64
logistic_regression,3,123587,0.0008120534306014878,0.001043799105083868,129
logistic_regression,4,123587,0.0014431882592633827,0.002192787267269211,271
logistic_regression,5,123588,0.002419547072960596,0.007840567045344209,969
logistic_regression,6,123587,0.0036149294251852635,0.00860931975045919,1064
logistic_regression,7,123588,0.005350436393643686,0.004515001456452083,558
logistic_regression,8,123587,0.006494941194808876,0.0030181167922192463,373
logistic_regression,9,123588,0.02303876368654214,0.01978347412370133,2445
xgboost,0,846569,0.003520647058556782,0.0007252805146420433,614
xgboost,1,122020,0.0036403133999556303,0.002573348631371906,314
xgboost,2,125186,0.003682439010842663,0.0015097534868116244,189
xgboost,3,142100,0.01249109333049097,0.035517241379310345,5047
