slice,value,model,rows,positives,prevalence,recall_at_validation_threshold,precision_at_validation_threshold,false_negatives,false_positives
month,2013-10,logistic_regression,427534,1955,0.0045727357356374,0.23222506393861891,0.10677328316086547,1501,3798
month,2013-10,xgboost,427534,1955,0.0045727357356374,0.379539641943734,0.16243432574430824,1213,3826
month,2013-11,logistic_regression,782063,4078,0.005214413672555792,0.2236390387444826,0.14089293990421753,3166,5561
month,2013-11,xgboost,782063,4078,0.005214413672555792,0.35090730750367827,0.15012589173310953,2647,8101
month,2013-12,logistic_regression,26278,131,0.004985158687875789,0.29770992366412213,0.17256637168141592,92,187
month,2013-12,xgboost,26278,131,0.004985158687875789,0.35877862595419846,0.1419939577039275,84,284
model,HGST HDS724040ALE640,logistic_regression,2016,0,0.0,,0.0,0,0
model,HGST HDS724040ALE640,xgboost,2016,0,0.0,,0.0,0,0
model,HGST HMS5C4040ALE640,logistic_regression,2256,0,0.0,,0.0,0,0
model,HGST HMS5C4040ALE640,xgboost,2256,0,0.0,,0.0,0,0
model,Hitachi HDS5C3030ALA630,logistic_regression,220458,245,0.0011113227916428527,0.024489795918367346,1.0,239,0
model,Hitachi HDS5C3030ALA630,xgboost,220458,245,0.0011113227916428527,0.2612244897959184,0.15458937198067632,181,350
model,Hitachi HDS5C4040ALE630,logistic_regression,123324,119,0.0009649378871914631,0.025210084033613446,1.0,116,0
model,Hitachi HDS5C4040ALE630,xgboost,123324,119,0.0009649378871914631,0.37815126050420167,0.5625,74,35
model,Hitachi HDS722020ALA330,logistic_regression,226370,148,0.0006537968812121747,0.0,0.0,148,0
model,Hitachi HDS722020ALA330,xgboost,226370,148,0.0006537968812121747,0.2905405405405405,0.03043170559094126,105,1370
model,Hitachi HDS723020BLA642,logistic_regression,376,0,0.0,,0.0,0,0
model,Hitachi HDS723020BLA642,xgboost,376,0,0.0,,0.0,0,0
model,Hitachi HDS723030ALA640,logistic_regression,49331,30,0.0006081368713385093,0.0,0.0,30,13
model,Hitachi HDS723030ALA640,xgboost,49331,30,0.0006081368713385093,0.6666666666666666,0.273972602739726,10,53
model,Hitachi HDS723030BLE640,logistic_regression,480,0,0.0,,0.0,0,0
model,Hitachi HDS723030BLE640,xgboost,480,0,0.0,,0.0,0,0
model,Hitachi HDT721010SLA360,logistic_regression,720,0,0.0,,0.0,0,0
model,Hitachi HDT721010SLA360,xgboost,720,0,0.0,,0.0,0,0
model,SAMSUNG HD103UJ,logistic_regression,672,0,0.0,,0.0,0,0
model,SAMSUNG HD103UJ,xgboost,672,0,0.0,,0.0,0,0
model,SAMSUNG HD154UI,logistic_regression,192,0,0.0,,0.0,0,0
model,SAMSUNG HD154UI,xgboost,192,0,0.0,,0.0,0,0
model,ST1500DL003,logistic_regression,2538,284,0.11189913317572892,1.0,0.11189913317572892,0,2254
model,ST1500DL003,xgboost,2538,284,0.11189913317572892,1.0,0.11189913317572892,0,2254
model,ST1500DM003,logistic_regression,198,0,0.0,,0.0,0,0
model,ST1500DM003,xgboost,198,0,0.0,,0.0,0,0
model,ST2000DM001,logistic_regression,336,0,0.0,,0.0,0,0
model,ST2000DM001,xgboost,336,0,0.0,,0.0,0,0
model,ST2000VN000,logistic_regression,192,0,0.0,,0.0,0,0
model,ST2000VN000,xgboost,192,0,0.0,,0.0,0,0
model,ST3000DM001,logistic_regression,209471,3355,0.016016536895322026,0.25067064083457524,0.37064786249449094,2514,1428
model,ST3000DM001,xgboost,209471,3355,0.016016536895322026,0.4005961251862891,0.21600771456123433,2011,4878
model,ST31500341AS,logistic_regression,27169,653,0.024034745481983144,0.30627871362940273,0.036603221083455345,453,5264
model,ST31500341AS,xgboost,27169,653,0.024034745481983144,0.4211332312404288,0.1737207833228048,378,1308
model,ST31500541AS,logistic_regression,92021,437,0.004748916008302453,0.08924485125858124,0.38613861386138615,398,62
model,ST31500541AS,xgboost,92021,437,0.004748916008302453,0.16933638443935928,0.05745341614906832,363,1214
model,ST32000542AS,logistic_regression,13774,20,0.001452011035283868,0.05,0.009900990099009901,19,100
model,ST32000542AS,xgboost,13774,20,0.001452011035283868,0.0,0.0,20,257
model,ST320005XXXX,logistic_regression,768,20,0.026041666666666668,0.0,0.0,20,0
model,ST320005XXXX,xgboost,768,20,0.026041666666666668,0.0,0.0,20,0
model,ST33000651AS,logistic_regression,14247,139,0.009756439952270653,0.007194244604316547,1.0,138,0
model,ST33000651AS,xgboost,14247,139,0.009756439952270653,0.07194244604316546,0.43478260869565216,129,13
model,ST4000DM000,logistic_regression,176485,407,0.002306144998158484,0.012285012285012284,0.3333333333333333,402,10
model,ST4000DM000,xgboost,176485,407,0.002306144998158484,0.14742014742014742,0.16172506738544473,347,311
model,ST4000DX000,logistic_regression,8544,0,0.0,,0.0,0,0
model,ST4000DX000,xgboost,8544,0,0.0,,0.0,0,0
model,TOSHIBA DT01ACA300,logistic_regression,2784,0,0.0,,0.0,0,0
model,TOSHIBA DT01ACA300,xgboost,2784,0,0.0,,0.0,0,0
model,WDC WD10EACS,logistic_regression,4032,0,0.0,,0.0,0,0
model,WDC WD10EACS,xgboost,4032,0,0.0,,0.0,0,2
model,WDC WD10EADS,logistic_regression,22750,1,4.3956043956043955e-05,0.0,0.0,1,0
model,WDC WD10EADS,xgboost,22750,1,4.3956043956043955e-05,0.0,0.0,1,82
model,WDC WD10EADX,logistic_regression,864,0,0.0,,0.0,0,0
model,WDC WD10EADX,xgboost,864,0,0.0,,0.0,0,0
model,WDC WD10EARS,logistic_regression,192,0,0.0,,0.0,0,0
model,WDC WD10EARS,xgboost,192,0,0.0,,0.0,0,0
model,WDC WD10EARX,logistic_regression,144,0,0.0,,0.0,0,0
model,WDC WD10EARX,xgboost,144,0,0.0,,0.0,0,0
model,WDC WD30EFRX,logistic_regression,10825,9,0.0008314087759815242,0.0,0.0,9,10
model,WDC WD30EFRX,xgboost,10825,9,0.0008314087759815242,0.1111111111111111,1.0,8,0
model,WDC WD30EZRS,logistic_regression,818,1,0.0012224938875305623,0.0,0.0,1,4
model,WDC WD30EZRS,xgboost,818,1,0.0012224938875305623,0.0,0.0,1,0
model,WDC WD30EZRX,logistic_regression,21048,296,0.014063093880653743,0.08445945945945946,0.08865248226950355,271,257
model,WDC WD30EZRX,xgboost,21048,296,0.014063093880653743,0.0,0.0,296,84
